{
  "name": "popstore",
  "version": "0.0.0",
  "private": true,
  "scripts": {
    "start": "node ./bin/www"
  },
  "dependencies": {
    "cookie-parser": "~1.4.3",
    "debug": "~2.6.9",
    "ejs": "~2.5.7",
    "express": "~4.16.0",
    "express-mysql-session": "^2.1.0",
    "express-session": "file:node_modules/express-session",
    "http-errors": "~1.6.2",
    "moment": "^2.23.0",
    "morgan": "~1.9.0",
    "mysql": "^2.16.0",
    "request": "^2.88.0"
  },
  "main": "app.js",
  "devDependencies": {},
  "author": "",
  "license": "ISC",
  "description": ""
}
